ccle	outliers	tissue
BI-BLCA-CCLE-253J-Tumor	10239	URINARY_TRACT
BI-BLCA-CCLE-253J_BV-Tumor	9633	URINARY_TRACT
BI-BLCA-CCLE-639_V-Tumor	8222	URINARY_TRACT
BI-BLCA-CCLE-647_V-Tumor	10037	URINARY_TRACT
BI-BLCA-CCLE-BC_3C-Tumor	7125	URINARY_TRACT
BI-BLCA-CCLE-BFTC_905-Tumor	9916	URINARY_TRACT
BI-BLCA-CCLE-CAL_29-Tumor	9162	URINARY_TRACT
BI-BLCA-CCLE-Hs_172_T-Tumor	11085	URINARY_TRACT
BI-BLCA-CCLE-HT_1197-Tumor	8450	URINARY_TRACT
BI-BLCA-CCLE-HT_1376-Tumor	7818	URINARY_TRACT
BI-BLCA-CCLE-J82-Tumor	8404	URINARY_TRACT
BI-BLCA-CCLE-JMSU_1-Tumor	9615	URINARY_TRACT
BI-BLCA-CCLE-KMBC_2-Tumor	10395	URINARY_TRACT
BI-BLCA-CCLE-KU_19_19-Tumor	10816	URINARY_TRACT
BI-BLCA-CCLE-RT_112-Tumor	7911	URINARY_TRACT
BI-BLCA-CCLE-SCaBER-Tumor	8562	URINARY_TRACT
BI-BLCA-CCLE-SW_1710-Tumor	13141	URINARY_TRACT
BI-BLCA-CCLE-SW_780-Tumor	21409	URINARY_TRACT
BI-BLCA-CCLE-T24-Tumor	7216	URINARY_TRACT
BI-BLCA-CCLE-TCCSUP-Tumor	9044	URINARY_TRACT
BI-BLCA-CCLE-U_BLC1-Tumor	10246	URINARY_TRACT
BI-BLCA-CCLE-UM_UC_1-Tumor	10104	URINARY_TRACT
BI-BLCA-CCLE-UM_UC_3-Tumor	9865	URINARY_TRACT
BI-BRCA-CCLE-AU565-Tumor	8709	BREAST
BI-BRCA-CCLE-BT_20-Tumor	8599	BREAST
BI-BRCA-CCLE-BT_474-Tumor	7962	BREAST
BI-BRCA-CCLE-BT_483-Tumor	7927	BREAST
BI-BRCA-CCLE-BT_549-Tumor	11373	BREAST
BI-BRCA-CCLE-CAL_120-Tumor	10423	BREAST
BI-BRCA-CCLE-CAL_148-Tumor	11303	BREAST
BI-BRCA-CCLE-CAL_51-Tumor	11227	BREAST
BI-BRCA-CCLE-CAL_85_1-Tumor	9298	BREAST
BI-BRCA-CCLE-CAMA_1-Tumor	9410	BREAST
BI-BRCA-CCLE-EFM_19-Tumor	8810	BREAST
BI-BRCA-CCLE-EFM_192A-Tumor	8119	BREAST
BI-BRCA-CCLE-HCC1187-Tumor	9244	BREAST
BI-BRCA-CCLE-HCC1395-Tumor	11157	BREAST
BI-BRCA-CCLE-HCC1428-Tumor	9952	BREAST
BI-BRCA-CCLE-HCC1500-Tumor	12107	BREAST
BI-BRCA-CCLE-HCC1569-Tumor	10311	BREAST
BI-BRCA-CCLE-HCC1599-Tumor	17591	BREAST
BI-BRCA-CCLE-HCC1806-Tumor	10870	BREAST
BI-BRCA-CCLE-HCC1937-Tumor	10342	BREAST
BI-BRCA-CCLE-HCC202-Tumor	8116	BREAST
BI-BRCA-CCLE-HCC2157-Tumor	9620	BREAST
BI-BRCA-CCLE-HCC38-Tumor	8906	BREAST
BI-BRCA-CCLE-HCC70-Tumor	7923	BREAST
BI-BRCA-CCLE-HDQ_P1-Tumor	9834	BREAST
BI-BRCA-CCLE-HMC_1_8-Tumor	8713	BREAST
BI-BRCA-CCLE-Hs_281_T-Tumor	7802	BREAST
BI-BRCA-CCLE-Hs_343_T-Tumor	8200	BREAST
BI-BRCA-CCLE-Hs_578T-Tumor	11252	BREAST
BI-BRCA-CCLE-Hs_606_T-Tumor	7759	BREAST
BI-BRCA-CCLE-Hs_739_T-Tumor	8468	BREAST
BI-BRCA-CCLE-Hs_742_T-Tumor	8626	BREAST
BI-BRCA-CCLE-JIMT_1-Tumor	11963	BREAST
BI-BRCA-CCLE-KPL_1-Tumor	8420	BREAST
BI-BRCA-CCLE-MDA_MB_134_VI-Tumor	20104	BREAST
BI-BRCA-CCLE-MDA_MB_157-Tumor	10748	BREAST
BI-BRCA-CCLE-MDA_MB_175_VII-Tumor	9459	BREAST
BI-BRCA-CCLE-MDA_MB_231-Tumor	10856	BREAST
BI-BRCA-CCLE-MDA_MB_415-Tumor	14347	BREAST
BI-BRCA-CCLE-MDA_MB_435S-Tumor	10460	BREAST
BI-BRCA-CCLE-MDA_MB_436-Tumor	10112	BREAST
BI-BRCA-CCLE-MDA_MB_468-Tumor	9008	BREAST
BI-BRCA-CCLE-SK_BR_3-Tumor	7429	BREAST
BI-BRCA-CCLE-UACC_812-Tumor	18046	BREAST
BI-BRCA-CCLE-UACC_893-Tumor	10786	BREAST
BI-BRCA-CCLE-ZR_75_1-Tumor	20024	BREAST
BI-BRCA-CCLE-ZR_75_30-Tumor	8886	BREAST
BI-CESC-CCLE-AN3_CA-Tumor	11040	CERVICAL
BI-CESC-CCLE-COLO_684-Tumor	13375	CERVICAL
BI-CESC-CCLE-EFE_184-Tumor	10026	CERVICAL
BI-CESC-CCLE-EN-Tumor	10457	CERVICAL
BI-CESC-CCLE-HEC_108-Tumor	19030	CERVICAL
BI-CESC-CCLE-HEC_151-Tumor	10428	CERVICAL
BI-CESC-CCLE-HEC_1_A-Tumor	8474	CERVICAL
BI-CESC-CCLE-HEC_1_B-Tumor	11128	CERVICAL
BI-CESC-CCLE-HEC_251-Tumor	10734	CERVICAL
BI-CESC-CCLE-HEC_265-Tumor	10545	CERVICAL
BI-CESC-CCLE-HEC_50B-Tumor	9435	CERVICAL
BI-CESC-CCLE-HEC_59-Tumor	10514	CERVICAL
BI-CESC-CCLE-HEC_6-Tumor	9594	CERVICAL
BI-CESC-CCLE-Ishikawa__Heraklio__02_ER-Tumor	8339	CERVICAL
BI-CESC-CCLE-JHUEM_2-Tumor	7762	CERVICAL
BI-CESC-CCLE-JHUEM_3-Tumor	11493	CERVICAL
BI-CESC-CCLE-JHUEM_7-Tumor	8378	CERVICAL
BI-CESC-CCLE-KLE-Tumor	12131	CERVICAL
BI-CESC-CCLE-MFE_280-Tumor	9984	CERVICAL
BI-CESC-CCLE-MFE_296-Tumor	8410	CERVICAL
BI-CESC-CCLE-MFE_319-Tumor	11977	CERVICAL
BI-CESC-CCLE-RL95_2-Tumor	7848	CERVICAL
BI-CESC-CCLE-SNG_M-Tumor	11388	CERVICAL
BI-CESC-CCLE-SNU_1077-Tumor	9140	CERVICAL
BI-CESC-CCLE-SNU_685-Tumor	7901	CERVICAL
BI-COAD-CCLE-CL_11-Tumor	8265	LARGE_INTESTINE
BI-COAD-CCLE-CL_14-Tumor	9648	LARGE_INTESTINE
BI-COAD-CCLE-CL_34-Tumor	7610	LARGE_INTESTINE
BI-COAD-CCLE-CL_40-Tumor	10827	LARGE_INTESTINE
BI-COAD-CCLE-COLO_201-Tumor	8527	LARGE_INTESTINE
BI-COAD-CCLE-COLO_320-Tumor	9667	LARGE_INTESTINE
BI-COAD-CCLE-COLO_678-Tumor	12874	LARGE_INTESTINE
BI-COAD-CCLE-CW_2-Tumor	12023	LARGE_INTESTINE
BI-COAD-CCLE-GP2d-Tumor	10603	LARGE_INTESTINE
BI-COAD-CCLE-HCC_56-Tumor	8858	LARGE_INTESTINE
BI-COAD-CCLE-Hs_255_T-Tumor	10489	LARGE_INTESTINE
BI-COAD-CCLE-Hs_675_T-Tumor	8524	LARGE_INTESTINE
BI-COAD-CCLE-Hs_698_T-Tumor	9030	LARGE_INTESTINE
BI-COAD-CCLE-KM12-Tumor	19401	LARGE_INTESTINE
BI-COAD-CCLE-LoVo-Tumor	9439	LARGE_INTESTINE
BI-COAD-CCLE-LS1034-Tumor	8806	LARGE_INTESTINE
BI-COAD-CCLE-LS123-Tumor	8752	LARGE_INTESTINE
BI-COAD-CCLE-LS411N-Tumor	9618	LARGE_INTESTINE
BI-COAD-CCLE-MDST8-Tumor	11962	LARGE_INTESTINE
BI-COAD-CCLE-NCI_H508-Tumor	12938	LARGE_INTESTINE
BI-COAD-CCLE-NCI_H716-Tumor	9207	LARGE_INTESTINE
BI-COAD-CCLE-NCI_H747-Tumor	9337	LARGE_INTESTINE
BI-COAD-CCLE-OUMS_23-Tumor	8333	LARGE_INTESTINE
BI-COAD-CCLE-RCM_1-Tumor	13462	LARGE_INTESTINE
BI-COAD-CCLE-SK_CO_1-Tumor	8035	LARGE_INTESTINE
BI-COAD-CCLE-SNU_1033-Tumor	7820	LARGE_INTESTINE
BI-COAD-CCLE-SNU_1040-Tumor	10490	LARGE_INTESTINE
BI-COAD-CCLE-SNU_1197-Tumor	7517	LARGE_INTESTINE
BI-COAD-CCLE-SNU_503-Tumor	7965	LARGE_INTESTINE
BI-COAD-CCLE-SNU_61-Tumor	7113	LARGE_INTESTINE
BI-COAD-CCLE-SNU_81-Tumor	14976	LARGE_INTESTINE
BI-COAD-CCLE-SNU_C2A-Tumor	12481	LARGE_INTESTINE
BI-COAD-CCLE-SNU_C4-Tumor	12211	LARGE_INTESTINE
BI-COAD-CCLE-SNU_C5-Tumor	15153	LARGE_INTESTINE
BI-COAD-CCLE-SW1116-Tumor	12657	LARGE_INTESTINE
BI-COAD-CCLE-SW1417-Tumor	7399	LARGE_INTESTINE
BI-COAD-CCLE-SW1463-Tumor	8413	LARGE_INTESTINE
BI-COAD-CCLE-SW403-Tumor	11052	LARGE_INTESTINE
BI-COAD-CCLE-SW480-Tumor	10384	LARGE_INTESTINE
BI-COAD-CCLE-SW837-Tumor	12605	LARGE_INTESTINE
BI-COAD-CCLE-T84-Tumor	8674	LARGE_INTESTINE
BI-DLBC-CCLE-A3_KAW-Tumor	9924	HAEMATOPOIETIC_AND_LYMPHOID_TISSUE
BI-DLBC-CCLE-A4_Fuk-Tumor	8702	HAEMATOPOIETIC_AND_LYMPHOID_TISSUE
BI-DLBC-CCLE-BCP_1-Tumor	9215	HAEMATOPOIETIC_AND_LYMPHOID_TISSUE
BI-DLBC-CCLE-BL_41-Tumor	9812	HAEMATOPOIETIC_AND_LYMPHOID_TISSUE
BI-DLBC-CCLE-BL_70-Tumor	9279	HAEMATOPOIETIC_AND_LYMPHOID_TISSUE
BI-DLBC-CCLE-CA46-Tumor	11920	HAEMATOPOIETIC_AND_LYMPHOID_TISSUE
BI-DLBC-CCLE-CI_1-Tumor	7802	HAEMATOPOIETIC_AND_LYMPHOID_TISSUE
BI-DLBC-CCLE-Daudi-Tumor	9247	HAEMATOPOIETIC_AND_LYMPHOID_TISSUE
BI-DLBC-CCLE-DEL-Tumor	11069	HAEMATOPOIETIC_AND_LYMPHOID_TISSUE
BI-DLBC-CCLE-DOHH_2-Tumor	9210	HAEMATOPOIETIC_AND_LYMPHOID_TISSUE
BI-DLBC-CCLE-GA_10-Tumor	9515	HAEMATOPOIETIC_AND_LYMPHOID_TISSUE
BI-DLBC-CCLE-GRANTA_519-Tumor	12636	HAEMATOPOIETIC_AND_LYMPHOID_TISSUE
BI-DLBC-CCLE-HH-Tu4mor	8080	HAEMATOPOIETIC_AND_LYMPHOID_TISSUE
BI-DLBC-CCLE-Hs_611_T-Tumor	7022	HAEMATOPOIETIC_AND_LYMPHOID_TISSUE
BI-DLBC-CCLE-Hs_616_T-Tumor	11591	HAEMATOPOIETIC_AND_LYMPHOID_TISSUE
BI-DLBC-CCLE-HT-Tumor	10011	HAEMATOPOIETIC_AND_LYMPHOID_TISSUE
BI-DLBC-CCLE-HuT_102-Tumor	7747	HAEMATOPOIETIC_AND_LYMPHOID_TISSUE
BI-DLBC-CCLE-HuT_78-Tumor	8751	HAEMATOPOIETIC_AND_LYMPHOID_TISSUE
BI-DLBC-CCLE-JeKo_1-Tumor	9519	HAEMATOPOIETIC_AND_LYMPHOID_TISSUE
BI-DLBC-CCLE-KARPAS_299-Tumor	9155	HAEMATOPOIETIC_AND_LYMPHOID_TISSUE
BI-DLBC-CCLE-KARPAS_422-Tumor	10387	HAEMATOPOIETIC_AND_LYMPHOID_TISSUE
BI-DLBC-CCLE-Ki_JK-Tumor	9479	HAEMATOPOIETIC_AND_LYMPHOID_TISSUE
BI-DLBC-CCLE-KM_H2-Tumor	9916	HAEMATOPOIETIC_AND_LYMPHOID_TISSUE
BI-DLBC-CCLE-L_1236-Tumor	10307	HAEMATOPOIETIC_AND_LYMPHOID_TISSUE
BI-DLBC-CCLE-L_428-Tumor	10267	HAEMATOPOIETIC_AND_LYMPHOID_TISSUE
BI-DLBC-CCLE-L_540-Tumor	9702	HAEMATOPOIETIC_AND_LYMPHOID_TISSUE
BI-DLBC-CCLE-MC116-Tumor	8832	HAEMATOPOIETIC_AND_LYMPHOID_TISSUE
BI-DLBC-CCLE-Mino-Tumor	8668	HAEMATOPOIETIC_AND_LYMPHOID_TISSUE
BI-DLBC-CCLE-MJ-Tumor	7050	HAEMATOPOIETIC_AND_LYMPHOID_TISSUE
BI-DLBC-CCLE-NAMALWA-Tumor	8719	HAEMATOPOIETIC_AND_LYMPHOID_TISSUE
BI-DLBC-CCLE-NU_DHL_1-Tumor	10764	HAEMATOPOIETIC_AND_LYMPHOID_TISSUE
BI-DLBC-CCLE-NU_DUL_1-Tumor	8921	HAEMATOPOIETIC_AND_LYMPHOID_TISSUE
BI-DLBC-CCLE-OCI_LY_19-Tumor	11812	HAEMATOPOIETIC_AND_LYMPHOID_TISSUE
BI-DLBC-CCLE-P3HR_1-Tumor	9396	HAEMATOPOIETIC_AND_LYMPHOID_TISSUE
BI-DLBC-CCLE-Pfeiffer-Tumor	7874	HAEMATOPOIETIC_AND_LYMPHOID_TISSUE
BI-DLBC-CCLE-Raji-Tumor	8319	HAEMATOPOIETIC_AND_LYMPHOID_TISSUE
BI-DLBC-CCLE-REC_1-Tumor	9378	HAEMATOPOIETIC_AND_LYMPHOID_TISSUE
BI-DLBC-CCLE-RI_1-Tumor	10543	HAEMATOPOIETIC_AND_LYMPHOID_TISSUE
BI-DLBC-CCLE-SR_786-Tumor	13471	HAEMATOPOIETIC_AND_LYMPHOID_TISSUE
BI-DLBC-CCLE-ST486-Tumor	14667	HAEMATOPOIETIC_AND_LYMPHOID_TISSUE
BI-DLBC-CCLE-SU_DHL_1-Tumor	18470	HAEMATOPOIETIC_AND_LYMPHOID_TISSUE
BI-DLBC-CCLE-SU_DHL_10-Tumor	11473	HAEMATOPOIETIC_AND_LYMPHOID_TISSUE
BI-DLBC-CCLE-SU_DHL_4-Tumor	11426	HAEMATOPOIETIC_AND_LYMPHOID_TISSUE
BI-DLBC-CCLE-SU_DHL_5-Tumor	13049	HAEMATOPOIETIC_AND_LYMPHOID_TISSUE
BI-DLBC-CCLE-SU_DHL_6-Tumor	11790	HAEMATOPOIETIC_AND_LYMPHOID_TISSUE
BI-DLBC-CCLE-SU_DHL_8-Tumor	10444	HAEMATOPOIETIC_AND_LYMPHOID_TISSUE
BI-DLBC-CCLE-SUP_T1-Tumor	12741	HAEMATOPOIETIC_AND_LYMPHOID_TISSUE
BI-DLBC-CCLE-TO_175_T-Tumor	13887	HAEMATOPOIETIC_AND_LYMPHOID_TISSUE
BI-DLBC-CCLE-Toledo-Tumor	13765	HAEMATOPOIETIC_AND_LYMPHOID_TISSUE
BI-DLBC-CCLE-WSU_DLCL2-Tumor	10204	HAEMATOPOIETIC_AND_LYMPHOID_TISSUE
BI-LCLL-CCLE-697-Tumor	6529	HAEMATOPOIETIC_AND_LYMPHOID_TISSUE
BI-LCLL-CCLE-ALL_SIL-Tumor	6509	HAEMATOPOIETIC_AND_LYMPHOID_TISSUE
BI-LCLL-CCLE-AML_193-Tumor	8580	HAEMATOPOIETIC_AND_LYMPHOID_TISSUE
BI-LCLL-CCLE-BV_173-Tumor	26982	HAEMATOPOIETIC_AND_LYMPHOID_TISSUE
BI-LCLL-CCLE-CMK-Tumor	8948	HAEMATOPOIETIC_AND_LYMPHOID_TISSUE
BI-LCLL-CCLE-CML_T1-Tumor	10641	HAEMATOPOIETIC_AND_LYMPHOID_TISSUE
BI-LCLL-CCLE-EHEB-Tumor	9613	HAEMATOPOIETIC_AND_LYMPHOID_TISSUE
BI-LCLL-CCLE-EM_2-Tumor	9151	HAEMATOPOIETIC_AND_LYMPHOID_TISSUE
BI-LCLL-CCLE-EOL_1-Tumor	8829	HAEMATOPOIETIC_AND_LYMPHOID_TISSUE
BI-LCLL-CCLE-F_36P-Tumor	11665	HAEMATOPOIETIC_AND_LYMPHOID_TISSUE
BI-LCLL-CCLE-GDM_1-Tumor	13571	HAEMATOPOIETIC_AND_LYMPHOID_TISSUE
BI-LCLL-CCLE-HEL-Tumor	8627	HAEMATOPOIETIC_AND_LYMPHOID_TISSUE
BI-LCLL-CCLE-HL_60-Tumor	11114	HAEMATOPOIETIC_AND_LYMPHOID_TISSUE
BI-LCLL-CCLE-HPB_ALL-Tumor	10240	HAEMATOPOIETIC_AND_LYMPHOID_TISSUE
BI-LCLL-CCLE-JK_1-Tumor	9267	HAEMATOPOIETIC_AND_LYMPHOID_TISSUE
BI-LCLL-CCLE-JM1-Tumor	9394	HAEMATOPOIETIC_AND_LYMPHOID_TISSUE
BI-LCLL-CCLE-JURKAT-Tumor	13116	HAEMATOPOIETIC_AND_LYMPHOID_TISSUE
BI-LCLL-CCLE-JURL_MK1-Tumor	14496	HAEMATOPOIETIC_AND_LYMPHOID_TISSUE
BI-LCLL-CCLE-JVM_2-Tumor	11152	HAEMATOPOIETIC_AND_LYMPHOID_TISSUE
BI-LCLL-CCLE-JVM_3-Tumor	7578	HAEMATOPOIETIC_AND_LYMPHOID_TISSUE
BI-LCLL-CCLE-K_562-Tumor	10227	HAEMATOPOIETIC_AND_LYMPHOID_TISSUE
BI-LCLL-CCLE-KASUMI_1-Tumor	11640	HAEMATOPOIETIC_AND_LYMPHOID_TISSUE
BI-LCLL-CCLE-KASUMI_2-Tumor	9076	HAEMATOPOIETIC_AND_LYMPHOID_TISSUE
BI-LCLL-CCLE-Kasumi_6-Tumor	10724	HAEMATOPOIETIC_AND_LYMPHOID_TISSUE
BI-LCLL-CCLE-KCL_22-Tumor	9354	HAEMATOPOIETIC_AND_LYMPHOID_TISSUE
BI-LCLL-CCLE-KE_37-Tumor	10338	HAEMATOPOIETIC_AND_LYMPHOID_TISSUE
BI-LCLL-CCLE-KG_1-Tumor	6897	HAEMATOPOIETIC_AND_LYMPHOID_TISSUE
BI-LCLL-CCLE-KOPN_8-Tumor	11636	HAEMATOPOIETIC_AND_LYMPHOID_TISSUE
BI-LCLL-CCLE-KU812-Tumor	8351	HAEMATOPOIETIC_AND_LYMPHOID_TISSUE
BI-LCLL-CCLE-KYO_1-Tumor	11258	HAEMATOPOIETIC_AND_LYMPHOID_TISSUE
BI-LCLL-CCLE-LAMA_84-Tumor	8963	HAEMATOPOIETIC_AND_LYMPHOID_TISSUE
BI-LCLL-CCLE-Loucy-Tumor	9647	HAEMATOPOIETIC_AND_LYMPHOID_TISSUE
BI-LCLL-CCLE-M_07e-Tumor	6667	HAEMATOPOIETIC_AND_LYMPHOID_TISSUE
BI-LCLL-CCLE-ME_1-Tumor	7952	HAEMATOPOIETIC_AND_LYMPHOID_TISSUE
BI-LCLL-CCLE-MHH_CALL_2-Tumor	8695	HAEMATOPOIETIC_AND_LYMPHOID_TISSUE
BI-LCLL-CCLE-MHH_CALL_3-Tumor	9790	HAEMATOPOIETIC_AND_LYMPHOID_TISSUE
BI-LCLL-CCLE-MHH_CALL_4-Tumor	8286	HAEMATOPOIETIC_AND_LYMPHOID_TISSUE
BI-LCLL-CCLE-MOLM_16-Tumor	10910	HAEMATOPOIETIC_AND_LYMPHOID_TISSUE
BI-LCLL-CCLE-MOLM_6-Tumor	7168	HAEMATOPOIETIC_AND_LYMPHOID_TISSUE
BI-LCLL-CCLE-MOLT_13-Tumor	14482	HAEMATOPOIETIC_AND_LYMPHOID_TISSUE
BI-LCLL-CCLE-MOLT_16-Tumor	8423	HAEMATOPOIETIC_AND_LYMPHOID_TISSUE
BI-LCLL-CCLE-MOLT_3-Tumor	12278	HAEMATOPOIETIC_AND_LYMPHOID_TISSUE
BI-LCLL-CCLE-MONO_MAC_1-Tumor	10317	HAEMATOPOIETIC_AND_LYMPHOID_TISSUE
BI-LCLL-CCLE-MONO_MAC_6-Tumor	9965	HAEMATOPOIETIC_AND_LYMPHOID_TISSUE
BI-LCLL-CCLE-MUTZ_3-Tumor	12849	HAEMATOPOIETIC_AND_LYMPHOID_TISSUE
BI-LCLL-CCLE-MUTZ_5-Tumor	7318	HAEMATOPOIETIC_AND_LYMPHOID_TISSUE
BI-LCLL-CCLE-NALM_1-Tumor	10195	HAEMATOPOIETIC_AND_LYMPHOID_TISSUE
BI-LCLL-CCLE-NALM_19-Tumor	7163	HAEMATOPOIETIC_AND_LYMPHOID_TISSUE
BI-LCLL-CCLE-NALM_6-Tumor	11775	HAEMATOPOIETIC_AND_LYMPHOID_TISSUE
BI-LCLL-CCLE-NB_4-Tumor	10060	HAEMATOPOIETIC_AND_LYMPHOID_TISSUE
BI-LCLL-CCLE-NCO2-Tumor	8174	HAEMATOPOIETIC_AND_LYMPHOID_TISSUE
BI-LCLL-CCLE-NOMO_1-Tumor	10345	HAEMATOPOIETIC_AND_LYMPHOID_TISSUE
BI-LCLL-CCLE-OCI_AML2-Tumor	11353	HAEMATOPOIETIC_AND_LYMPHOID_TISSUE
BI-LCLL-CCLE-OCI_AML3-Tumor	9641	HAEMATOPOIETIC_AND_LYMPHOID_TISSUE
BI-LCLL-CCLE-OCI_AML5-Tumor	9354	HAEMATOPOIETIC_AND_LYMPHOID_TISSUE
BI-LCLL-CCLE-P12_ICHIKAWA-Tumor	13165	HAEMATOPOIETIC_AND_LYMPHOID_TISSUE
BI-LCLL-CCLE-P31_FUJ-Tumor	8071	HAEMATOPOIETIC_AND_LYMPHOID_TISSUE
BI-LCLL-CCLE-PEER-Tumor	10173	HAEMATOPOIETIC_AND_LYMPHOID_TISSUE
BI-LCLL-CCLE-PF_382-Tumor	19692	HAEMATOPOIETIC_AND_LYMPHOID_TISSUE
BI-LCLL-CCLE-PL_21-Tumor	10646	HAEMATOPOIETIC_AND_LYMPHOID_TISSUE
BI-LCLL-CCLE-RCH_ACV-Tumor	9507	HAEMATOPOIETIC_AND_LYMPHOID_TISSUE
BI-LCLL-CCLE-Reh-Tumor	7818	HAEMATOPOIETIC_AND_LYMPHOID_TISSUE
BI-LCLL-CCLE-RPMI_8402-Tumor	7918	HAEMATOPOIETIC_AND_LYMPHOID_TISSUE
BI-LCLL-CCLE-RS4_11-Tumor	8638	HAEMATOPOIETIC_AND_LYMPHOID_TISSUE
BI-LCLL-CCLE-SEM-Tumor	7798	HAEMATOPOIETIC_AND_LYMPHOID_TISSUE
BI-LCLL-CCLE-SIG_M5-Tumor	8918	HAEMATOPOIETIC_AND_LYMPHOID_TISSUE
BI-LCLL-CCLE-SKM_1-Tumor	7331	HAEMATOPOIETIC_AND_LYMPHOID_TISSUE
BI-LCLL-CCLE-SUP_B15-Tumor	10347	HAEMATOPOIETIC_AND_LYMPHOID_TISSUE
BI-LCLL-CCLE-SUP_T11-Tumor	10114	HAEMATOPOIETIC_AND_LYMPHOID_TISSUE
BI-LCLL-CCLE-TALL_1-Tumor	15604	HAEMATOPOIETIC_AND_LYMPHOID_TISSUE
BI-LCLL-CCLE-TF_1-Tumor	9736	HAEMATOPOIETIC_AND_LYMPHOID_TISSUE
BI-LCLL-CCLE-THP_1-Tumor	9254	HAEMATOPOIETIC_AND_LYMPHOID_TISSUE
BI-MM-CCLE-AMO_1-Tumor	10552	HAEMATOPOIETIC_AND_LYMPHOID_TISSUE
BI-MM-CCLE-EJM-Tumor	9389	HAEMATOPOIETIC_AND_LYMPHOID_TISSUE
BI-MM-CCLE-HuNS1-Tumor	7126	HAEMATOPOIETIC_AND_LYMPHOID_TISSUE
BI-MM-CCLE-JJN_3-Tumor	8819	HAEMATOPOIETIC_AND_LYMPHOID_TISSUE
BI-MM-CCLE-KARPAS_620-Tumor	11824	HAEMATOPOIETIC_AND_LYMPHOID_TISSUE
BI-MM-CCLE-KHM_1B-Tumor	9314	HAEMATOPOIETIC_AND_LYMPHOID_TISSUE
BI-MM-CCLE-KMM_1-Tumor	10303	HAEMATOPOIETIC_AND_LYMPHOID_TISSUE
BI-MM-CCLE-KMS_12_BM-Tumor	9965	HAEMATOPOIETIC_AND_LYMPHOID_TISSUE
BI-MM-CCLE-KMS_20-Tumor	8962	HAEMATOPOIETIC_AND_LYMPHOID_TISSUE
BI-MM-CCLE-KMS_21BM-Tumor	9617	HAEMATOPOIETIC_AND_LYMPHOID_TISSUE
BI-MM-CCLE-KMS_26-Tumor	10164	HAEMATOPOIETIC_AND_LYMPHOID_TISSUE
BI-MM-CCLE-KMS_27-Tumor	8827	HAEMATOPOIETIC_AND_LYMPHOID_TISSUE
BI-MM-CCLE-KMS_28BM-Tumor	8281	HAEMATOPOIETIC_AND_LYMPHOID_TISSUE
BI-MM-CCLE-KMS_34-Tumor	9543	HAEMATOPOIETIC_AND_LYMPHOID_TISSUE
BI-MM-CCLE-L_363-Tumor	14747	HAEMATOPOIETIC_AND_LYMPHOID_TISSUE
BI-MM-CCLE-LP_1-Tumor	10512	HAEMATOPOIETIC_AND_LYMPHOID_TISSUE
BI-MM-CCLE-MM1_S-Tumor	10181	HAEMATOPOIETIC_AND_LYMPHOID_TISSUE
BI-MM-CCLE-MOLP_2-Tumor	10233	HAEMATOPOIETIC_AND_LYMPHOID_TISSUE
BI-MM-CCLE-MOLP_8-Tumor	8854	HAEMATOPOIETIC_AND_LYMPHOID_TISSUE
BI-MM-CCLE-NCI_H929-Tumor	11994	HAEMATOPOIETIC_AND_LYMPHOID_TISSUE
BI-MM-CCLE-OPM_2-Tumor	10091	HAEMATOPOIETIC_AND_LYMPHOID_TISSUE
BI-MM-CCLE-RPMI_8226-Tumor	8860	HAEMATOPOIETIC_AND_LYMPHOID_TISSUE
BI-MM-CCLE-SK_MM_2-Tumor	8172	HAEMATOPOIETIC_AND_LYMPHOID_TISSUE
BI-MM-CCLE-U266B1-Tumor	13798	HAEMATOPOIETIC_AND_LYMPHOID_TISSUE
BI-ESCA-CCLE-EC_GI_10-Tumor	15153	OESOPHAGUS
BI-ESCA-CCLE-KYSE_140-Tumor	7393	OESOPHAGUS
BI-ESCA-CCLE-KYSE_270-Tumor	9307	OESOPHAGUS
BI-ESCA-CCLE-KYSE_450-Tumor	9313	OESOPHAGUS
BI-ESCA-CCLE-KYSE_520-Tumor	9349	OESOPHAGUS
BI-ESCA-CCLE-KYSE_70-Tumor	8433	OESOPHAGUS
BI-ESCA-CCLE-OE19-Tumor	9182	OESOPHAGUS
BI-ESCA-CCLE-OE21-Tumor	10081	OESOPHAGUS
BI-ESCA-CCLE-OE33-Tumor	7450	OESOPHAGUS
BI-ESCA-CCLE-TE_1-Tumor	8715	OESOPHAGUS
BI-ESCA-CCLE-TE_10-Tumor	10734	OESOPHAGUS
BI-ESCA-CCLE-TE_11-Tumor	7277	OESOPHAGUS
BI-ESCA-CCLE-TE_14-Tumor	11758	OESOPHAGUS
BI-ESCA-CCLE-TE_15-Tumor	7886	OESOPHAGUS
BI-ESCA-CCLE-TE_4-Tumor	11297	OESOPHAGUS
BI-ESCA-CCLE-TE_6-Tumor	13248	OESOPHAGUS
BI-ESCA-CCLE-TE_8-Tumor	13642	OESOPHAGUS
BI-ESCA-CCLE-TE_9-Tumor	8113	OESOPHAGUS
BI-HNSC-CCLE-A_253-Tumor	8009	UPPER_AERODIGESTIVE_TRACT
BI-HNSC-CCLE-BHY-Tumor	19851	UPPER_AERODIGESTIVE_TRACT
BI-HNSC-CCLE-BICR_16-Tumor	10212	UPPER_AERODIGESTIVE_TRACT
BI-HNSC-CCLE-BICR_22-Tumor	8314	UPPER_AERODIGESTIVE_TRACT
BI-HNSC-CCLE-BICR_31-Tumor	7961	UPPER_AERODIGESTIVE_TRACT
BI-HNSC-CCLE-BICR_56-Tumor	8480	UPPER_AERODIGESTIVE_TRACT
BI-HNSC-CCLE-BICR_6-Tumor	5747	UPPER_AERODIGESTIVE_TRACT
BI-HNSC-CCLE-CAL_33-Tumor	12864	UPPER_AERODIGESTIVE_TRACT
BI-HNSC-CCLE-Detroit_562-Tumor	7607	UPPER_AERODIGESTIVE_TRACT
BI-HNSC-CCLE-Hs_840_T-Tumor	8454	UPPER_AERODIGESTIVE_TRACT
BI-HNSC-CCLE-HSC_2-Tumor	8771	UPPER_AERODIGESTIVE_TRACT
BI-HNSC-CCLE-HSC_4-Tumor	12916	UPPER_AERODIGESTIVE_TRACT
BI-HNSC-CCLE-PE_CA_PJ15-Tumor	8972	UPPER_AERODIGESTIVE_TRACT
BI-HNSC-CCLE-PE_CA_PJ34__clone_C12_-Tumor	9208	UPPER_AERODIGESTIVE_TRACT
BI-HNSC-CCLE-PE_CA_PJ41__clone_D2_-Tumor	8657	UPPER_AERODIGESTIVE_TRACT
BI-HNSC-CCLE-PE_CA_PJ49-Tumor	10585	UPPER_AERODIGESTIVE_TRACT
BI-HNSC-CCLE-SCC_15-Tumor	5963	UPPER_AERODIGESTIVE_TRACT
BI-HNSC-CCLE-SCC_25-Tumor	8577	UPPER_AERODIGESTIVE_TRACT
BI-HNSC-CCLE-SCC_4-Tumor	10684	UPPER_AERODIGESTIVE_TRACT
BI-HNSC-CCLE-SCC_9-Tumor	21019	UPPER_AERODIGESTIVE_TRACT
BI-HNSC-CCLE-SNU_1041-Tumor	7640	UPPER_AERODIGESTIVE_TRACT
BI-HNSC-CCLE-SNU_1066-Tumor	8962	UPPER_AERODIGESTIVE_TRACT
BI-HNSC-CCLE-SNU_1076-Tumor	8541	UPPER_AERODIGESTIVE_TRACT
BI-HNSC-CCLE-SNU_1214-Tumor	8438	UPPER_AERODIGESTIVE_TRACT
BI-HNSC-CCLE-SNU_899-Tumor	13488	UPPER_AERODIGESTIVE_TRACT
BI-HNSC-CCLE-YD_10B-Tumor	11445	UPPER_AERODIGESTIVE_TRACT
BI-HNSC-CCLE-YD_8-Tumor	12338	UPPER_AERODIGESTIVE_TRACT
BI-KIRC-CCLE-769_P-Tumor	7197	KIDNEY
BI-KIRC-CCLE-A_498-Tumor	8497	KIDNEY
BI-KIRC-CCLE-A_704-Tumor	24792	KIDNEY
BI-KIRC-CCLE-ACHN-Tumor	6890	KIDNEY
BI-KIRC-CCLE-BFTC_909-Tumor	16999	KIDNEY
BI-KIRC-CCLE-Caki_2-Tumor	9966	KIDNEY
BI-KIRC-CCLE-CAL_54-Tumor	8772	KIDNEY
BI-KIRC-CCLE-G_402-Tumor	10328	KIDNEY
BI-KIRC-CCLE-KMRC_1-Tumor	8401	KIDNEY
BI-KIRC-CCLE-KMRC_2-Tumor	7081	KIDNEY
BI-KIRC-CCLE-KMRC_20-Tumor	9177	KIDNEY
BI-KIRC-CCLE-KMRC_3-Tumor	8488	KIDNEY
BI-KIRC-CCLE-OS_RC_2-Tumor	10261	KIDNEY
BI-KIRC-CCLE-RCC10RGB-Tumor	11577	KIDNEY
BI-KIRC-CCLE-SNU_1272-Tumor	7709	KIDNEY
BI-KIRC-CCLE-SNU_349-Tumor	8354	KIDNEY
BI-KIRC-CCLE-TUHR10TKB-Tumor	10187	KIDNEY
BI-KIRC-CCLE-TUHR14TKB-Tumor	11380	KIDNEY
BI-KIRC-CCLE-TUHR4TKB-Tumor	8970	KIDNEY
BI-KIRC-CCLE-UO_31-Tumor	8902	KIDNEY
BI-KIRC-CCLE-VMRC_RCW-Tumor	11410	KIDNEY
BI-KIRC-CCLE-VMRC_RCZ-Tumor	11115	KIDNEY
BI-LGG-CCLE-42_MG_BA-Tumor	8382	CENTRAL_NERVOUS_SYSTEM
BI-LGG-CCLE-A172-Tumor	7811	CENTRAL_NERVOUS_SYSTEM
BI-LGG-CCLE-AM_38-Tumor	7960	CENTRAL_NERVOUS_SYSTEM
BI-LGG-CCLE-CAS_1-Tumor	9393	CENTRAL_NERVOUS_SYSTEM
BI-LGG-CCLE-CCF_STTG1-Tumor	7925	CENTRAL_NERVOUS_SYSTEM
BI-LGG-CCLE-CHP_126-Tumor	12036	CENTRAL_NERVOUS_SYSTEM
BI-LGG-CCLE-D283_Med-Tumor	9949	CENTRAL_NERVOUS_SYSTEM
BI-LGG-CCLE-D341_Med-Tumor	11690	CENTRAL_NERVOUS_SYSTEM
BI-LGG-CCLE-DBTRG_05MG-Tumor	8960	CENTRAL_NERVOUS_SYSTEM
BI-LGG-CCLE-DK_MG-Tumor	9604	CENTRAL_NERVOUS_SYSTEM
BI-LGG-CCLE-GAMG-Tumor	7556	CENTRAL_NERVOUS_SYSTEM
BI-LGG-CCLE-GB_1-Tumor	8509	CENTRAL_NERVOUS_SYSTEM
BI-LGG-CCLE-GI_1-Tumor	6801	CENTRAL_NERVOUS_SYSTEM
BI-LGG-CCLE-GMS_10-Tumor	7532	CENTRAL_NERVOUS_SYSTEM
BI-LGG-CCLE-GOS_3-Tumor	7373	CENTRAL_NERVOUS_SYSTEM
BI-LGG-CCLE-H4-Tumor	8675	CENTRAL_NERVOUS_SYSTEM
BI-LGG-CCLE-Hs_683-Tumor	6116	CENTRAL_NERVOUS_SYSTEM
BI-LGG-CCLE-IMR_32-Tumor	10435	CENTRAL_NERVOUS_SYSTEM
BI-LGG-CCLE-KALS_1-Tumor	10068	CENTRAL_NERVOUS_SYSTEM
BI-LGG-CCLE-KELLY-Tumor	12076	CENTRAL_NERVOUS_SYSTEM
BI-LGG-CCLE-KG_1_C-Tumor	10828	CENTRAL_NERVOUS_SYSTEM
BI-LGG-CCLE-KNS_42-Tumor	7993	CENTRAL_NERVOUS_SYSTEM
BI-LGG-CCLE-KNS_60-Tumor	9004	CENTRAL_NERVOUS_SYSTEM
BI-LGG-CCLE-KNS_81-Tumor	7600	CENTRAL_NERVOUS_SYSTEM
BI-LGG-CCLE-KP_N_RT_BM_1-Tumor	16496	CENTRAL_NERVOUS_SYSTEM
BI-LGG-CCLE-KP_N_SI9s-Tumor	7807	CENTRAL_NERVOUS_SYSTEM
BI-LGG-CCLE-KP_N_YN-Tumor	14095	CENTRAL_NERVOUS_SYSTEM
BI-LGG-CCLE-KS_1-Tumor	6605	CENTRAL_NERVOUS_SYSTEM
BI-LGG-CCLE-LN_18-Tumor	8249	CENTRAL_NERVOUS_SYSTEM
BI-LGG-CCLE-LN_229-Tumor	6873	CENTRAL_NERVOUS_SYSTEM
BI-LGG-CCLE-M059K-Tumor	7829	CENTRAL_NERVOUS_SYSTEM
BI-LGG-CCLE-MHH_NB_11-Tumor	49174	CENTRAL_NERVOUS_SYSTEM
BI-LGG-CCLE-NH_6-Tumor	14369	CENTRAL_NERVOUS_SYSTEM
BI-LGG-CCLE-ONS_76-Tumor	11001	CENTRAL_NERVOUS_SYSTEM
BI-LGG-CCLE-SF126-Tumor	7637	CENTRAL_NERVOUS_SYSTEM
BI-LGG-CCLE-SF268-Tumor	10518	CENTRAL_NERVOUS_SYSTEM
BI-LGG-CCLE-SF539-Tumor	6868	CENTRAL_NERVOUS_SYSTEM
BI-LGG-CCLE-SIMA-Tumor	12182	CENTRAL_NERVOUS_SYSTEM
BI-LGG-CCLE-SK_N_AS-Tumor	7053	CENTRAL_NERVOUS_SYSTEM
BI-LGG-CCLE-SK_N_BE_2_-Tumor	11291	CENTRAL_NERVOUS_SYSTEM
BI-LGG-CCLE-SK_N_DZ-Tumor	9609	CENTRAL_NERVOUS_SYSTEM
BI-LGG-CCLE-SK_N_FI-Tumor	10228	CENTRAL_NERVOUS_SYSTEM
BI-LGG-CCLE-SK_N_MC-Tumor	8395	CENTRAL_NERVOUS_SYSTEM
BI-LGG-CCLE-SNB75-Tumor	6568	CENTRAL_NERVOUS_SYSTEM
BI-LGG-CCLE-SNU_1105-Tumor	6451	CENTRAL_NERVOUS_SYSTEM
BI-LGG-CCLE-SNU_201-Tumor	6569	CENTRAL_NERVOUS_SYSTEM
BI-LGG-CCLE-SNU_466-Tumor	7003	CENTRAL_NERVOUS_SYSTEM
BI-LGG-CCLE-SNU_489-Tumor	7236	CENTRAL_NERVOUS_SYSTEM
BI-LGG-CCLE-SNU_626-Tumor	7646	CENTRAL_NERVOUS_SYSTEM
BI-LGG-CCLE-SNU_738-Tumor	11182	CENTRAL_NERVOUS_SYSTEM
BI-LGG-CCLE-SW_1088-Tumor	11766	CENTRAL_NERVOUS_SYSTEM
BI-LGG-CCLE-SW_1783-Tumor	6793	CENTRAL_NERVOUS_SYSTEM
BI-LGG-CCLE-T98G-Tumor	5747	CENTRAL_NERVOUS_SYSTEM
BI-LGG-CCLE-TM_31-Tumor	10675	CENTRAL_NERVOUS_SYSTEM
BI-LGG-CCLE-U_118_MG-Tumor	9137	CENTRAL_NERVOUS_SYSTEM
BI-LGG-CCLE-U_87_MG-Tumor	8215	CENTRAL_NERVOUS_SYSTEM
BI-LGG-CCLE-YH_13-Tumor	12004	CENTRAL_NERVOUS_SYSTEM
BI-LIHC-CCLE-Hep_3B2_1_7-Tumor	8791	BILIARY
BI-LIHC-CCLE-HLF-Tumor	8560	BILIARY
BI-LIHC-CCLE-HuCCT1-Tumor	7669	BILIARY
BI-LIHC-CCLE-huH_1-Tumor	11561	BILIARY
BI-LIHC-CCLE-HuH_6-Tumor	8028	BILIARY
BI-LIHC-CCLE-HuH_7-Tumor	7752	BILIARY
BI-LIHC-CCLE-JHH_1-Tumor	7416	BILIARY
BI-LIHC-CCLE-JHH_2-Tumor	8539	BILIARY
BI-LIHC-CCLE-JHH_4-Tumor	6817	BILIARY
BI-LIHC-CCLE-JHH_5-Tumor	7377	BILIARY
BI-LIHC-CCLE-JHH_7-Tumor	8496	BILIARY
BI-LIHC-CCLE-Li_7-Tumor	6941	BILIARY
BI-LIHC-CCLE-NCI_H684-Tumor	9082	BILIARY
BI-LIHC-CCLE-PLC_PRF_5-Tumor	8957	BILIARY
BI-LIHC-CCLE-SK_HEP_1-Tumor	7983	BILIARY
BI-LIHC-CCLE-SNU_1079-Tumor	10028	BILIARY
BI-LIHC-CCLE-SNU_1196-Tumor	10414	BILIARY
BI-LIHC-CCLE-SNU_182-Tumor	8317	BILIARY
BI-LIHC-CCLE-SNU_245-Tumor	11655	BILIARY
BI-LIHC-CCLE-SNU_308-Tumor	10880	BILIARY
BI-LIHC-CCLE-SNU_387-Tumor	7837	BILIARY
BI-LIHC-CCLE-SNU_398-Tumor	9879	BILIARY
BI-LIHC-CCLE-SNU_423-Tumor	7775	BILIARY
BI-LIHC-CCLE-SNU_449-Tumor	8079	BILIARY
BI-LIHC-CCLE-SNU_475-Tumor	8025	BILIARY
BI-LIHC-CCLE-SNU_478-Tumor	8928	BILIARY
BI-LIHC-CCLE-SNU_761-Tumor	10557	BILIARY
BI-LIHC-CCLE-SNU_869-Tumor	10880	BILIARY
BI-LIHC-CCLE-SNU_878-Tumor	11128	BILIARY
BI-LIHC-CCLE-SNU_886-Tumor	7803	BILIARY
BI-LUSC-CCLE-BEN-Tumor	11579	LUNG
BI-LUSC-CCLE-CAL_12T-Tumor	8893	LUNG
BI-LUSC-CCLE-Calu_3-Tumor	8098	LUNG
BI-LUSC-CCLE-Calu_6-Tumor	8356	LUNG
BI-LUSC-CCLE-ChaGo_K_1-Tumor	8391	LUNG
BI-LUSC-CCLE-COR_L105-Tumor	9287	LUNG
BI-LUSC-CCLE-COR_L47-Tumor	13334	LUNG
BI-LUSC-CCLE-COR_L95-Tumor	13072	LUNG
BI-LUSC-CCLE-DM_3-Tumor	10571	LUNG
BI-LUSC-CCLE-DV_90-Tumor	9149	LUNG
BI-LUSC-CCLE-EBC_1-Tumor	8919	LUNG
BI-LUSC-CCLE-EKVX-Tumor	7708	LUNG
BI-LUSC-CCLE-EPLC_272H-Tumor	8716	LUNG
BI-LUSC-CCLE-HCC2935-Tumor	8886	LUNG
BI-LUSC-CCLE-HCC4006-Tumor	8604	LUNG
BI-LUSC-CCLE-HCC827-Tumor	8355	LUNG
BI-LUSC-CCLE-HCC_1171-Tumor	9660	LUNG
BI-LUSC-CCLE-HCC_1195-Tumor	11294	LUNG
BI-LUSC-CCLE-HCC_1359-Tumor	9206	LUNG
BI-LUSC-CCLE-HCC_1438-Tumor	10401	LUNG
BI-LUSC-CCLE-HCC_1588-Tumor	9268	LUNG
BI-LUSC-CCLE-HCC_1833-Tumor	13125	LUNG
BI-LUSC-CCLE-HCC_2108-Tumor	8596	LUNG
BI-LUSC-CCLE-HCC_2279-Tumor	11608	LUNG
BI-LUSC-CCLE-HCC_366-Tumor	8038	LUNG
BI-LUSC-CCLE-HCC_78-Tumor	15345	LUNG
BI-LUSC-CCLE-HCC_95-Tumor	8658	LUNG
BI-LUSC-CCLE-HLF_a-Tumor	8617	LUNG
BI-LUSC-CCLE-HOP_62-Tumor	7184	LUNG
BI-LUSC-CCLE-HOP_92-Tumor	9522	LUNG
BI-LUSC-CCLE-Hs_229_T-Tumor	7136	LUNG
BI-LUSC-CCLE-Hs_618_T-Tumor	7508	LUNG
BI-LUSC-CCLE-IST_MES2-Tumor	7637	LUNG
BI-LUSC-CCLE-JL_1-Tumor	11236	LUNG
BI-LUSC-CCLE-LC_1F-Tumor	8856	LUNG
BI-LUSC-CCLE-LCLC_103H-Tumor	7681	LUNG
BI-LUSC-CCLE-LCLC_97TM1-Tumor	8717	LUNG
BI-LUSC-CCLE-LK_2-Tumor	8950	LUNG
BI-LUSC-CCLE-LOU_NH91-Tumor	7565	LUNG
BI-LUSC-CCLE-LU65-Tumor	8468	LUNG
BI-LUSC-CCLE-LU99-Tumor	10355	LUNG
BI-LUSC-CCLE-LUDLU_1-Tumor	8504	LUNG
BI-LUSC-CCLE-LXF_289-Tumor	13311	LUNG
BI-LUSC-CCLE-MPP_89-Tumor	11056	LUNG
BI-LUSC-CCLE-MSTO_211H-Tumor	8051	LUNG
BI-LUSC-CCLE-NCI_H1048-Tumor	9249	LUNG
BI-LUSC-CCLE-NCI_H1092-Tumor	13592	LUNG
BI-LUSC-CCLE-NCI_H1105-Tumor	15867	LUNG
BI-LUSC-CCLE-NCI_H1155-Tumor	9447	LUNG
BI-LUSC-CCLE-NCI_H1184-Tumor	12222	LUNG
BI-LUSC-CCLE-NCI_H1299-Tumor	8366	LUNG
BI-LUSC-CCLE-NCI_H1341-Tumor	8780	LUNG
BI-LUSC-CCLE-NCI_H1355-Tumor	8967	LUNG
BI-LUSC-CCLE-NCI_H1385-Tumor	32454	LUNG
BI-LUSC-CCLE-NCI_H1395-Tumor	10049	LUNG
BI-LUSC-CCLE-NCI_H1436-Tumor	11148	LUNG
BI-LUSC-CCLE-NCI_H1437-Tumor	13130	LUNG
BI-LUSC-CCLE-NCI_H146-Tumor	11630	LUNG
BI-LUSC-CCLE-NCI_H1563-Tumor	9873	LUNG
BI-LUSC-CCLE-NCI_H1573-Tumor	11407	LUNG
BI-LUSC-CCLE-NCI_H1618-Tumor	10774	LUNG
BI-LUSC-CCLE-NCI_H1623-Tumor	10690	LUNG
BI-LUSC-CCLE-NCI_H1648-Tumor	10401	LUNG
BI-LUSC-CCLE-NCI_H1650-Tumor	10316	LUNG
BI-LUSC-CCLE-NCI_H1651-Tumor	8813	LUNG
BI-LUSC-CCLE-NCI_H1666-Tumor	9819	LUNG
BI-LUSC-CCLE-NCI_H1693-Tumor	13742	LUNG
BI-LUSC-CCLE-NCI_H1694-Tumor	11644	LUNG
BI-LUSC-CCLE-NCI_H1703-Tumor	7735	LUNG
BI-LUSC-CCLE-NCI_H1734-Tumor	6543	LUNG
BI-LUSC-CCLE-NCI_H1755-Tumor	7314	LUNG
BI-LUSC-CCLE-NCI_H1781-Tumor	8167	LUNG
BI-LUSC-CCLE-NCI_H1792-Tumor	8553	LUNG
BI-LUSC-CCLE-NCI_H1793-Tumor	9192	LUNG
BI-LUSC-CCLE-NCI_H1838-Tumor	8844	LUNG
BI-LUSC-CCLE-NCI_H1869-Tumor	9786	LUNG
BI-LUSC-CCLE-NCI_H1876-Tumor	16209	LUNG
BI-LUSC-CCLE-NCI_H1915-Tumor	21972	LUNG
BI-LUSC-CCLE-NCI_H1930-Tumor	11199	LUNG
BI-LUSC-CCLE-NCI_H1944-Tumor	13800	LUNG
BI-LUSC-CCLE-NCI_H196-Tumor	8945	LUNG
BI-LUSC-CCLE-NCI_H1963-Tumor	10225	LUNG
BI-LUSC-CCLE-NCI_H1975-Tumor	8308	LUNG
BI-LUSC-CCLE-NCI_H2023-Tumor	6973	LUNG
BI-LUSC-CCLE-NCI_H2029-Tumor	10437	LUNG
BI-LUSC-CCLE-NCI_H2030-Tumor	9641	LUNG
BI-LUSC-CCLE-NCI_H2052-Tumor	9526	LUNG
BI-LUSC-CCLE-NCI_H2066-Tumor	11706	LUNG
BI-LUSC-CCLE-NCI_H2073-Tumor	9202	LUNG
BI-LUSC-CCLE-NCI_H2081-Tumor	13183	LUNG
BI-LUSC-CCLE-NCI_H2085-Tumor	9417	LUNG
BI-LUSC-CCLE-NCI_H2087-Tumor	7592	LUNG
BI-LUSC-CCLE-NCI_H209-Tumor	10165	LUNG
BI-LUSC-CCLE-NCI_H2106-Tumor	17179	LUNG
BI-LUSC-CCLE-NCI_H211-Tumor	9627	LUNG
BI-LUSC-CCLE-NCI_H2110-Tumor	7769	LUNG
BI-LUSC-CCLE-NCI_H2126-Tumor	12140	LUNG
BI-LUSC-CCLE-NCI_H2170-Tumor	9509	LUNG
BI-LUSC-CCLE-NCI_H2171-Tumor	11953	LUNG
BI-LUSC-CCLE-NCI_H2172-Tumor	8271	LUNG
BI-LUSC-CCLE-NCI_H2196-Tumor	12309	LUNG
BI-LUSC-CCLE-NCI_H2227-Tumor	12466	LUNG
BI-LUSC-CCLE-NCI_H2228-Tumor	8602	LUNG
BI-LUSC-CCLE-NCI_H2286-Tumor	8331	LUNG
BI-LUSC-CCLE-NCI_H2291-Tumor	9792	LUNG
BI-LUSC-CCLE-NCI_H23-Tumor	10816	LUNG
BI-LUSC-CCLE-NCI_H2347-Tumor	11315	LUNG
BI-LUSC-CCLE-NCI_H2405-Tumor	7776	LUNG
BI-LUSC-CCLE-NCI_H2444-Tumor	10013	LUNG
BI-LUSC-CCLE-NCI_H2452-Tumor	9878	LUNG
BI-LUSC-CCLE-NCI_H28-Tumor	9071	LUNG
BI-LUSC-CCLE-NCI_H292-Tumor	10701	LUNG
BI-LUSC-CCLE-NCI_H322-Tumor	8220	LUNG
BI-LUSC-CCLE-NCI_H3255-Tumor	9577	LUNG
BI-LUSC-CCLE-NCI_H358-Tumor	12300	LUNG
BI-LUSC-CCLE-NCI_H441-Tumor	12213	LUNG
BI-LUSC-CCLE-NCI_H510-Tumor	12466	LUNG
BI-LUSC-CCLE-NCI_H520-Tumor	10393	LUNG
BI-LUSC-CCLE-NCI_H522-Tumor	9739	LUNG
BI-LUSC-CCLE-NCI_H524-Tumor	12064	LUNG
BI-LUSC-CCLE-NCI_H526-Tumor	9633	LUNG
BI-LUSC-CCLE-NCI_H596-Tumor	8425	LUNG
BI-LUSC-CCLE-NCI_H647-Tumor	6746	LUNG
BI-LUSC-CCLE-NCI_H650-Tumor	11294	LUNG
BI-LUSC-CCLE-NCI_H661-Tumor	10651	LUNG
BI-LUSC-CCLE-NCI_H69-Tumor	11684	LUNG
BI-LUSC-CCLE-NCI_H727-Tumor	10050	LUNG
BI-LUSC-CCLE-NCI_H810-Tumor	11383	LUNG
BI-LUSC-CCLE-NCI_H82-Tumor	9870	LUNG
BI-LUSC-CCLE-NCI_H838-Tumor	15014	LUNG
BI-LUSC-CCLE-NCI_H854-Tumor	10890	LUNG
BI-LUSC-CCLE-PC_14-Tumor	8339	LUNG
BI-LUSC-CCLE-RERF_LC_Ad1-Tumor	9792	LUNG
BI-LUSC-CCLE-RERF_LC_Ad2-Tumor	7662	LUNG
BI-LUSC-CCLE-RERF_LC_AI-Tumor	7842	LUNG
BI-LUSC-CCLE-RERF_LC_KJ-Tumor	9630	LUNG
BI-LUSC-CCLE-RERF_LC_MS-Tumor	7641	LUNG
BI-LUSC-CCLE-RERF_LC_Sq1-Tumor	7833	LUNG
BI-LUSC-CCLE-RS_5-Tumor	10195	LUNG
BI-LUSC-CCLE-SBC_5-Tumor	8253	LUNG
BI-LUSC-CCLE-SCLC_21H-Tumor	25856	LUNG
BI-LUSC-CCLE-SHP_77-Tumor	11447	LUNG
BI-LUSC-CCLE-SK_LU_1-Tumor	8729	LUNG
BI-LUSC-CCLE-SK_MES_1-Tumor	8604	LUNG
BI-LUSC-CCLE-Sq_1-Tumor	10535	LUNG
BI-LUSC-CCLE-SW_1271-Tumor	8804	LUNG
BI-LUSC-CCLE-SW_1573-Tumor	13182	LUNG
BI-LUSC-CCLE-SW_900-Tumor	7585	LUNG
BI-LUSC-CCLE-T3M_10-Tumor	13618	LUNG
BI-OV-CCLE-59M-Tumor	7481	OVARY
BI-OV-CCLE-Caov_3-Tumor	8631	OVARY
BI-OV-CCLE-Caov_4-Tumor	13861	OVARY
BI-OV-CCLE-COV318-Tumor	8561	OVARY
BI-OV-CCLE-COV362-Tumor	8167	OVARY
BI-OV-CCLE-COV434-Tumor	7820	OVARY
BI-OV-CCLE-COV644-Tumor	10839	OVARY
BI-OV-CCLE-EFO_21-Tumor	14133	OVARY
BI-OV-CCLE-ES_2-Tumor	8813	OVARY
BI-OV-CCLE-FU_OV_1-Tumor	8496	OVARY
BI-OV-CCLE-Hey_A8-Tumor	8675	OVARY
BI-OV-CCLE-IGROV1-Tumor	9503	OVARY
BI-OV-CCLE-JHOC_5-Tumor	8668	OVARY
BI-OV-CCLE-JHOM_1-Tumor	9894	OVARY
BI-OV-CCLE-JHOM_2B-Tumor	13717	OVARY
BI-OV-CCLE-JHOS_4-Tumor	8182	OVARY
BI-OV-CCLE-KURAMOCHI-Tumor	11074	OVARY
BI-OV-CCLE-MCAS-Tumor	7088	OVARY
BI-OV-CCLE-NIH_OVCAR_3-Tumor	9553	OVARY
BI-OV-CCLE-OAW28-Tumor	8159	OVARY
BI-OV-CCLE-OAW42-Tumor	10331	OVARY
BI-OV-CCLE-ONCO_DG_1-Tumor	9998	OVARY
BI-OV-CCLE-OV56-Tumor	19286	OVARY
BI-OV-CCLE-OV7-Tumor	8729	OVARY
BI-OV-CCLE-OV_90-Tumor	9635	OVARY
BI-OV-CCLE-OVCAR_4-Tumor	7424	OVARY
BI-OV-CCLE-OVCAR_8-Tumor	7464	OVARY
BI-OV-CCLE-OVK18-Tumor	9246	OVARY
BI-OV-CCLE-OVMANA-Tumor	15026	OVARY
BI-OV-CCLE-OVSAHO-Tumor	10562	OVARY
BI-OV-CCLE-OVTOKO-Tumor	7778	OVARY
BI-OV-CCLE-RMG_I-Tumor	9099	OVARY
BI-OV-CCLE-RMUG_S-Tumor	7855	OVARY
BI-OV-CCLE-SK_OV_3-Tumor	7166	OVARY
BI-OV-CCLE-SNU_119-Tumor	9184	OVARY
BI-OV-CCLE-SNU_8-Tumor	6697	OVARY
BI-OV-CCLE-SNU_840-Tumor	9681	OVARY
BI-OV-CCLE-TOV_112D-Tumor	8483	OVARY
BI-OV-CCLE-TOV_21G-Tumor	9525	OVARY
BI-OV-CCLE-TYK_nu-Tumor	8432	OVARY
BI-PAAD-CCLE-AsPC_1-Tumor	8461	PANCREAS
BI-PAAD-CCLE-BxPC_3-Tumor	10718	PANCREAS
BI-PAAD-CCLE-Capan_1-Tumor	9014	PANCREAS
BI-PAAD-CCLE-Capan_2-Tumor	8190	PANCREAS
BI-PAAD-CCLE-CFPAC_1-Tumor	10173	PANCREAS
BI-PAAD-CCLE-HPAC-Tumor	19471	PANCREAS
BI-PAAD-CCLE-HPAF_II-Tumor	8121	PANCREAS
BI-PAAD-CCLE-Hs_766T-Tumor	8460	PANCREAS
BI-PAAD-CCLE-HUP_T3-Tumor	9521	PANCREAS
BI-PAAD-CCLE-KP4-Tumor	8918	PANCREAS
BI-PAAD-CCLE-KP_2-Tumor	9434	PANCREAS
BI-PAAD-CCLE-KP_3-Tumor	9294	PANCREAS
BI-PAAD-CCLE-L3_3-Tumor	9437	PANCREAS
BI-PAAD-CCLE-MIA_PaCa_2-Tumor	10121	PANCREAS
BI-PAAD-CCLE-PA_TU_8988S-Tumor	8941	PANCREAS
BI-PAAD-CCLE-Panc_02_03-Tumor	10503	PANCREAS
BI-PAAD-CCLE-Panc_02_13-Tumor	15558	PANCREAS
BI-PAAD-CCLE-Panc_03_27-Tumor	6870	PANCREAS
BI-PAAD-CCLE-Panc_04_03-Tumor	6552	PANCREAS
BI-PAAD-CCLE-Panc_05_04-Tumor	8359	PANCREAS
BI-PAAD-CCLE-Panc_08_13-Tumor	7505	PANCREAS
BI-PAAD-CCLE-PANC_1-Tumor	10769	PANCREAS
BI-PAAD-CCLE-Panc_10_05-Tumor	9166	PANCREAS
BI-PAAD-CCLE-PK_45H-Tumor	8270	PANCREAS
BI-PAAD-CCLE-PK_59-Tumor	12583	PANCREAS
BI-PAAD-CCLE-SNU_213-Tumor	6348	PANCREAS
BI-PAAD-CCLE-SNU_324-Tumor	8617	PANCREAS
BI-PAAD-CCLE-SNU_410-Tumor	8846	PANCREAS
BI-PAAD-CCLE-SU_86_86-Tumor	12771	PANCREAS
BI-PAAD-CCLE-SUIT_2-Tumor	11165	PANCREAS
BI-PAAD-CCLE-SW_1990-Tumor	10047	PANCREAS
BI-PAAD-CCLE-TCC_PAN2-Tumor	12990	PANCREAS
BI-PAAD-CCLE-YAPC-Tumor	11933	PANCREAS
BI-SARC-CCLE-A_204-Tumor	6974	BONE_AND_SOFT_TISSUE
BI-SARC-CCLE-A_673-Tumor	7944	BONE_AND_SOFT_TISSUE
BI-SARC-CCLE-CADO_ES1-Tumor	10161	BONE_AND_SOFT_TISSUE
BI-SARC-CCLE-CAL_78-Tumor	11025	BONE_AND_SOFT_TISSUE
BI-SARC-CCLE-G_292__clone_A141B1-Tumor	8016	BONE_AND_SOFT_TISSUE
BI-SARC-CCLE-GCT-Tumor	8212	BONE_AND_SOFT_TISSUE
BI-SARC-CCLE-HOS-Tumor	10768	BONE_AND_SOFT_TISSUE
BI-SARC-CCLE-Hs_706_T-Tumor	6072	BONE_AND_SOFT_TISSUE
BI-SARC-CCLE-Hs_729-Tumor	9939	BONE_AND_SOFT_TISSUE
BI-SARC-CCLE-Hs_737_T-Tumor	6485	BONE_AND_SOFT_TISSUE
BI-SARC-CCLE-Hs_819_T-Tumor	7200	BONE_AND_SOFT_TISSUE
BI-SARC-CCLE-Hs_821_T-Tumor	7884	BONE_AND_SOFT_TISSUE
BI-SARC-CCLE-Hs_822_T-Tumor	7504	BONE_AND_SOFT_TISSUE
BI-SARC-CCLE-Hs_863_T-Tumor	6540	BONE_AND_SOFT_TISSUE
BI-SARC-CCLE-Hs_870_T-Tumor	6729	BONE_AND_SOFT_TISSUE
BI-SARC-CCLE-HT_1080-Tumor	7462	BONE_AND_SOFT_TISSUE
BI-SARC-CCLE-KYM_1-Tumor	7903	BONE_AND_SOFT_TISSUE
BI-SARC-CCLE-MES_SA-Tumor	9543	BONE_AND_SOFT_TISSUE
BI-SARC-CCLE-MG_63-Tumor	9561	BONE_AND_SOFT_TISSUE
BI-SARC-CCLE-MHH_ES_1-Tumor	12348	BONE_AND_SOFT_TISSUE
BI-SARC-CCLE-RD-Tumor	8785	BONE_AND_SOFT_TISSUE
BI-SARC-CCLE-RD_ES-Tumor	9530	BONE_AND_SOFT_TISSUE
BI-SARC-CCLE-RH_18-Tumor	9456	BONE_AND_SOFT_TISSUE
BI-SARC-CCLE-RH_30-Tumor	11200	BONE_AND_SOFT_TISSUE
BI-SARC-CCLE-RH_41-Tumor	9666	BONE_AND_SOFT_TISSUE
BI-SARC-CCLE-RKN-Tumor	8294	BONE_AND_SOFT_TISSUE
BI-SARC-CCLE-Saos_2-Tumor	9011	BONE_AND_SOFT_TISSUE
BI-SARC-CCLE-SJSA_1-Tumor	7627	BONE_AND_SOFT_TISSUE
BI-SARC-CCLE-SK_ES_1-Tumor	9549	BONE_AND_SOFT_TISSUE
BI-SARC-CCLE-SK_LMS_1-Tumor	6796	BONE_AND_SOFT_TISSUE
BI-SARC-CCLE-SK_UT_1-Tumor	10426	BONE_AND_SOFT_TISSUE
BI-SARC-CCLE-SW_1353-Tumor	12245	BONE_AND_SOFT_TISSUE
BI-SARC-CCLE-T1_73-Tumor	10779	BONE_AND_SOFT_TISSUE
BI-SARC-CCLE-TC_71-Tumor	8532	BONE_AND_SOFT_TISSUE
BI-SARC-CCLE-TE_125_T-Tumor	8018	BONE_AND_SOFT_TISSUE
BI-SARC-CCLE-TE_159_T-Tumor	8212	BONE_AND_SOFT_TISSUE
BI-SARC-CCLE-TE_441_T-Tumor	11749	BONE_AND_SOFT_TISSUE
BI-SARC-CCLE-TE_617_T-Tumor	8892	BONE_AND_SOFT_TISSUE
BI-SARC-CCLE-U_2_OS-Tumor	9254	BONE_AND_SOFT_TISSUE
BI-SKCM-CCLE-A101D-Tumor	6660	SKIN
BI-SKCM-CCLE-A2058-Tumor	6452	SKIN
BI-SKCM-CCLE-C32-Tumor	7963	SKIN
BI-SKCM-CCLE-CJM-Tumor	12981	SKIN
BI-SKCM-CCLE-COLO_679-Tumor	7610	SKIN
BI-SKCM-CCLE-COLO_783-Tumor	7189	SKIN
BI-SKCM-CCLE-COLO_792-Tumor	9047	SKIN
BI-SKCM-CCLE-COLO_800-Tumor	6549	SKIN
BI-SKCM-CCLE-COLO_829-Tumor	6830	SKIN
BI-SKCM-CCLE-HMCB-Tumor	8013	SKIN
BI-SKCM-CCLE-Hs_294T-Tumor	6549	SKIN
BI-SKCM-CCLE-Hs_600_T-Tumor	7529	SKIN
BI-SKCM-CCLE-Hs_688_A__T-Tumor	7421	SKIN
BI-SKCM-CCLE-Hs_695T-Tumor	8416	SKIN
BI-SKCM-CCLE-Hs_834_T-Tumor	7380	SKIN
BI-SKCM-CCLE-Hs_839_T-Tumor	6154	SKIN
BI-SKCM-CCLE-Hs_852_T-Tumor	8442	SKIN
BI-SKCM-CCLE-Hs_895_T-Tumor	8758	SKIN
BI-SKCM-CCLE-Hs_934_T-Tumor	6455	SKIN
BI-SKCM-CCLE-Hs_939_T-Tumor	5759	SKIN
BI-SKCM-CCLE-Hs_940_T-Tumor	7042	SKIN
BI-SKCM-CCLE-Hs_944_T-Tumor	8027	SKIN
BI-SKCM-CCLE-HT_144-Tumor	5452	SKIN
BI-SKCM-CCLE-IGR_1-Tumor	10857	SKIN
BI-SKCM-CCLE-K029AX-Tumor	6606	SKIN
BI-SKCM-CCLE-Malme_3M-Tumor	6634	SKIN
BI-SKCM-CCLE-MEL_HO-Tumor	6906	SKIN
BI-SKCM-CCLE-MEL_JUSO-Tumor	7479	SKIN
BI-SKCM-CCLE-MeWo-Tumor	8669	SKIN
BI-SKCM-CCLE-RPMI_7951-Tumor	9093	SKIN
BI-SKCM-CCLE-SH_4-Tumor	8964	SKIN
BI-SKCM-CCLE-SK_MEL_1-Tumor	10120	SKIN
BI-SKCM-CCLE-SK_MEL_24-Tumor	8507	SKIN
BI-SKCM-CCLE-SK_MEL_28-Tumor	6548	SKIN
BI-SKCM-CCLE-SK_MEL_3-Tumor	8039	SKIN
BI-SKCM-CCLE-SK_MEL_30-Tumor	7160	SKIN
BI-SKCM-CCLE-SK_MEL_31-Tumor	7274	SKIN
BI-SKCM-CCLE-UACC_257-Tumor	8882	SKIN
BI-SKCM-CCLE-UACC_62-Tumor	11591	SKIN
BI-SKCM-CCLE-WM1799-Tumor	6617	SKIN
BI-SKCM-CCLE-WM983B-Tumor	12792	SKIN
BI-SKCM-CCLE-WM_115-Tumor	9312	SKIN
BI-SKCM-CCLE-WM_266_4-Tumor	10200	SKIN
BI-SKCM-CCLE-WM_793-Tumor	10391	SKIN
BI-SKCM-CCLE-WM_88-Tumor	11482	SKIN
BI-STAD-CCLE-ECC10-Tumor	11852	STOMACH
BI-STAD-CCLE-ECC12-Tumor	9864	STOMACH
BI-STAD-CCLE-HuG1_N-Tumor	7889	STOMACH
BI-STAD-CCLE-HuTu_80-Tumor	8483	STOMACH
BI-STAD-CCLE-LMSU-Tumor	8725	STOMACH
BI-STAD-CCLE-MKN1-Tumor	7906	STOMACH
BI-STAD-CCLE-MKN7-Tumor	8215	STOMACH
BI-STAD-CCLE-MKN74-Tumor	12719	STOMACH
BI-STAD-CCLE-MKN_45-Tumor	8146	STOMACH
BI-STAD-CCLE-NCC_StC_K140-Tumor	9914	STOMACH
BI-STAD-CCLE-NCI_N87-Tumor	9913	STOMACH
BI-STAD-CCLE-NUGC_2-Tumor	12069	STOMACH
BI-STAD-CCLE-NUGC_3-Tumor	8463	STOMACH
BI-STAD-CCLE-OCUM_1-Tumor	8171	STOMACH
BI-STAD-CCLE-RERF_GC_1B-Tumor	9150	STOMACH
BI-STAD-CCLE-SNU_216-Tumor	6868	STOMACH
BI-STAD-CCLE-SNU_5-Tumor	7638	STOMACH
BI-STAD-CCLE-SNU_520-Tumor	9865	STOMACH
BI-STAD-CCLE-SNU_601-Tumor	8480	STOMACH
BI-STAD-CCLE-SNU_620-Tumor	7049	STOMACH
BI-STAD-CCLE-SNU_668-Tumor	9365	STOMACH
BI-STAD-CCLE-SNU_719-Tumor	12191	STOMACH
BI-STAD-CCLE-TGBC11TKB-Tumor	13783	STOMACH
BI-THCA-CCLE-8305C-Tumor	6607	THYROID
BI-THCA-CCLE-8505C-Tumor	6879	THYROID
BI-THCA-CCLE-B_CPAP-Tumor	9887	THYROID
BI-THCA-CCLE-BHT_101-Tumor	10061	THYROID
BI-THCA-CCLE-FTC_133-Tumor	9936	THYROID
BI-THCA-CCLE-FTC_238-Tumor	7762	THYROID
BI-THCA-CCLE-ML_1-Tumor	7568	THYROID
BI-THCA-CCLE-S_117-Tumor	7494	THYROID
BI-THCA-CCLE-SW579-Tumor	6639	THYROID
BI-THCA-CCLE-TT-Tumor	16060	THYROID
BI-THCA-CCLE-TT2609_C02-Tumor	11364	THYROID
